,name,r1cs_size,compile_time,gen_time,precompute_time,prove_time,verify_time,returncode
0,io.process.stdio.piped.inj,-1,-1,-1,-1,-1,-1,200
1,tactic.id_tag.rw,4185,618,1904,0,391,391,0
2,tactic.simp_config.beta._default,4995,1332,2218,0,448,448,0
3,tactic.simp_config.iota_eqn._default,5089,1001,2264,0,462,462,0
4,tactic.dsimp_config.canonize_instances._default,4995,899,2208,0,455,455,0
5,_private.1165308017.tagged_proof.wf,4185,652,1946,0,397,397,0
6,tactic.simp_config.memoize._default,4995,813,2214,0,445,445,0
7,tactic.dsimp_config.eta._default,4995,728,2209,0,449,449,0
8,tactic.delta_config.visit_instances._default,4995,804,2241,0,457,457,0
9,nat.sizeof,9418,1126,4180,0,797,797,0
10,not,13047,1996,5264,0,1004,1004,0
11,implies,15217,2041,5875,0,1069,1069,0
12,tactic.interactive.case_tag.match_result.no_match.inj,13884,1842,5702,0,1106,1106,0
13,bool.tt.inj,13250,1560,5489,0,1069,1069,0
14,tactic.interactive.case_tag.match_result.exact_match.inj,13884,1528,5717,0,1075,1075,0
15,tactic.interactive.case_tag.match_result.fuzzy_match.inj,13884,1579,5646,0,1075,1075,0
16,tactic.rewrite_cfg.occs._default,14557,1823,6303,0,1192,1192,0
17,nat.zero.inj,14130,2060,6022,0,1232,1232,0
18,set_of,9374,900,4061,0,805,805,0
19,expr.coord.app_fn.inj,18920,2015,8378,0,1606,1606,0
20,congr_arg_kind.fixed.inj,16490,2157,7565,0,1581,1581,0
21,not.intro,9550,915,4157,0,820,820,0
22,vm_obj_kind.declaration.inj,22970,2578,9759,0,1877,1877,0
23,tactic.rewrite_cfg.md._default,21626,2574,9569,0,1843,1843,0
24,vm_obj_kind.name.inj,22970,3464,10094,0,2128,2128,0
25,congr_arg_kind.fixed_no_param.inj,16490,1675,7562,0,1408,1408,0
26,occurrences.all.inj,22096,2269,9572,0,1782,1782,0
27,vm_obj_kind.expr.inj,22970,2574,9928,0,1899,1899,0
28,nat.le,34924,3733,15020,0,2876,2876,0
29,nat.inhabited,39151,4212,16540,0,3028,3028,0
30,tactic.id_tag.rsimp.equations._eqn_1,50877,5451,20037,0,3768,3768,0
31,list.nil.inj,17467,1775,7886,0,1565,1565,0
32,_private.754422749.tagged_proof.rsimp.equations._eqn_1,50877,5585,20280,0,3823,3823,0
33,decidable.false,64154,7224,24137,0,4497,4497,0
34,empty.rec_on,45340,4635,18386,0,3324,3324,0
35,true.cases_on,53321,5535,20928,0,3823,3823,0
36,irreflexive,42848,4313,17397,0,3137,3137,0
37,expr.address.equations._eqn_1,73820,8512,31788,0,6066,6066,0
38,heq.rfl,61514,6962,23626,0,4512,4512,0
39,_private.2042382769.V,67121,7395,28973,0,5280,5280,0
40,set.has_emptyc,50879,5374,20121,0,3760,3760,0
41,infer_instance.equations._eqn_1,54462,7312,21352,0,4460,4460,0
42,feature_search.predictor_cfg.to_feature_cfg,87493,11141,35868,0,6602,6602,0
43,tactic.simp_config.lift_eq._default.equations._eqn_1,51863,5088,20183,0,3732,3732,0
44,tactic.apply_cfg.instances._default.equations._eqn_1,51863,5628,20503,0,3934,3934,0
45,feature_search.predictor_cfg.type._default.equations._eqn_1,52591,5844,21058,0,3979,3979,0
46,feature_search.feature_cfg.ignore_decidable._default.equations._eqn_1,51863,5486,20580,0,3899,3899,0
47,io.process.spawn_args.cmd,-1,-1,-1,-1,-1,-1,200
48,tactic.simp_intros_config.to_simp_config,95753,12806,38446,0,7215,7215,0
49,tactic.simp_config.use_axioms._default.equations._eqn_1,51863,5350,20470,0,3843,3843,0
50,tactic.simp_config.contextual._default.equations._eqn_1,51957,5430,20487,0,3820,3820,0
51,tactic.simp_config.iota._default.equations._eqn_1,51863,5524,20741,0,3937,3937,0
52,total,77029,8584,31772,0,5971,5971,0
53,io.process.stdio.null.inj_arrow,-1,-1,-1,-1,-1,-1,200
54,list.last._main._proof_1,83447,9589,33991,0,6352,6352,0
55,tactic.apply_cfg.approx._default.equations._eqn_1,51863,5470,20697,0,3831,3831,0
56,cc_config.em._default.equations._eqn_1,51863,5340,20491,0,3806,3806,0
57,feature_search.feature_cfg.ignore_conns,103733,13057,40276,0,7517,7517,0
58,tactic.simp_intros_config.use_hyps._default.equations._eqn_1,51957,5504,20710,0,3899,3899,0
59,fun_info.result_deps,106795,13705,42103,0,7805,7805,0
60,tactic.interactive.case_tag.match_result.fuzzy_match.inj_arrow,28726,2673,11430,0,2112,2112,0
61,function.comp,40211,4123,16615,0,3122,3122,0
62,tactic.dsimp_config.proj._default.equations._eqn_1,51863,5409,20633,0,4168,4168,0
63,widget.mouse_event_kind.on_mouse_enter.inj_arrow,28726,2874,11629,0,2176,2176,0
64,congr_arg_kind.fixed.inj_arrow,31332,3137,12404,0,2332,2332,0
65,vm_obj_kind.format.inj_arrow,37812,3942,16191,0,3044,3044,0
66,std_gen.cases_on,-1,-1,-1,-1,-1,-1,200
67,tactic.new_goals.all.inj_arrow,28726,2746,11578,0,2186,2186,0
68,congr_arg_kind.heq.inj_arrow,31332,3143,12383,0,2271,2271,0
69,vm_obj_kind.simple.inj_arrow,37812,3909,16126,0,3016,3016,0
70,bool.sizeof._main,21849,2129,9180,0,1718,1718,0
71,environment.implicit_infer_kind.relaxed_implicit.inj_arrow,28726,2744,11472,0,2143,2143,0
72,punit.sizeof._main,21309,1969,8981,0,1664,1664,0
73,format.color.orange.inj_arrow,32142,3298,14517,0,2679,2679,0
74,int.has_one,63005,7214,24251,0,4587,4587,0
75,ulift.down,126517,25244,49280,0,10279,10279,0
76,has_inv.inv,139110,18858,58648,0,10939,10939,0
77,function.comp_right,50920,5189,19955,0,3740,3740,0
78,function.comp_left,50445,5404,19843,0,3803,3803,0
79,combinator.S,49907,5055,19565,0,3743,3743,0
80,and.right,130063,17173,48973,0,9016,9016,0
81,has_neg.neg,139110,23750,59665,0,12838,12838,0
82,tactic.unfold_proj_config.cases_on,94681,12826,38899,0,7204,7204,0
83,true.dcases_on,106107,14093,41995,0,7783,7783,0
84,monad_io_terminal.cmdline_args,-1,-1,-1,-1,-1,-1,200
85,bool.has_sizeof,58048,6277,22587,0,4252,4252,0
86,anti_symmetric,121722,16367,46409,0,8683,8683,0
87,subsingleton_info.cases_on,84035,9871,34289,0,6392,6392,0
88,tactic.simp_intros_config.cases_on,99211,14783,40114,0,7594,7594,0
89,unification_hint.rec_on,91235,11404,37095,0,6896,6896,0
90,int.has_coe.equations._eqn_1,141108,27001,60131,0,12557,12557,0
91,widget.mouse_event_kind.cases_on,115966,15287,44384,0,8460,8460,0
92,has_sdiff.sdiff,152658,25827,64118,0,12556,12556,0
93,widget.mouse_event_kind.rec_on,115966,15559,44282,0,8534,8534,0
94,vm_decl_kind.rec_on,115966,14579,43906,0,8270,8270,0
95,tactic.dsimp_config.eta,161030,26975,67128,0,13388,13388,0
96,tactic.unfold_config.canonize_instances._default.equations._eqn_1,70702,10683,31345,0,6475,6475,0
97,nat.cases_on,129145,17216,48463,0,9183,9183,0
98,plift.cases_on,128491,18093,48891,0,9348,9348,0
99,has_emptyc.rec_on,128491,16889,48405,0,9471,9471,0
100,option.inhabited.equations._eqn_1,123659,17724,47287,0,9183,9183,0
101,monad_io_terminal.put_str,-1,-1,-1,-1,-1,-1,200
102,inhabited.rec_on,128491,18326,48818,0,9347,9347,0
103,true_or,181324,28298,72289,0,13882,13882,0
104,bit0,172952,25166,69292,0,13243,13243,0
105,subsingleton.elim,175296,31184,70958,0,14776,14776,0
106,tactic.simp_config.contextual,192024,35147,77027,0,16453,16453,0
107,nat.has_lt.equations._eqn_1,148420,22823,62111,0,12064,12064,0
108,monad_io_environment.get_cwd,-1,-1,-1,-1,-1,-1,200
109,subtype.val,216695,40576,84576,0,16793,16793,0
110,or_self,252486,55359,96319,0,19499,19499,0
111,is_preorder.to_is_trans,195616,34516,77124,0,15299,15299,0
112,cond._main,98801,12571,38863,0,7361,7361,0
113,has_sub.cases_on,137279,18139,57388,0,10879,10879,0
114,is_total_preorder.to_is_trans,199248,36287,78166,0,15768,15768,0
115,cond._sunfold,98801,12044,39138,0,7275,7275,0
116,list.below,241200,51329,91703,0,19124,19124,0
117,nat.lt_succ_self,44818,4695,18687,0,3352,3352,0
118,coe_b,206805,39116,80871,0,16193,16193,0
119,_private.2042382769.V.equations._eqn_1,114528,14851,43723,0,8195,8195,0
120,has_sub.rec_on,137279,21126,58648,0,11785,11785,0
121,is_linear_order.to_is_partial_order,211804,53552,84075,0,18947,18947,0
122,trace,194837,188881,86609,2,28298,28298,0
123,or_false,289977,63078,121673,0,25251,25251,0
124,coe_t,206805,53810,81285,0,18582,18582,0
125,is_strict_total_order.to_is_strict_weak_order,223018,55652,87707,0,18661,18661,0
126,is_strict_total_order.to_is_trichotomous,222362,58130,88779,0,18655,18655,0
127,coe_fn,-1,-1,-1,-1,-1,-1,200
128,vm_decl_kind.bytecode.inj_eq,244286,47098,92949,0,19027,19027,0
129,implies.trans,40401,5311,16652,0,3431,3431,0
130,vm_obj_kind.other.inj_eq,254312,49497,95951,0,19778,19778,0
131,vm_decl_kind.builtin.inj_eq,244286,56656,95191,0,19244,19244,0
132,feature_search.predictor_type.knn.inj_eq,244286,59074,94651,0,19517,19517,0
133,vm_obj_kind.constructor.inj_eq,254406,56941,95629,0,19868,19868,0
134,vm_obj_kind.declaration.inj_eq,254406,46864,94524,0,19390,19390,0
135,option.rec_on,164822,23894,66596,0,12943,12943,0
136,buffer,-1,-1,-1,-1,-1,-1,200
137,ordering.or_else._sunfold,114696,19669,44654,0,9191,9191,0
138,char_buffer,-1,-1,-1,-1,-1,-1,200
139,function.has_right_inverse,117762,15782,45322,0,8499,8499,0
140,ulift.down_up,54638,5370,20939,0,3929,3929,0
141,is_total_preorder.rec_on,184858,34775,73630,0,14757,14757,0
142,option.rhoare._main,153219,25663,64783,0,13231,13231,0
143,is_equiv.rec_on,185590,34654,74767,0,14813,14813,0
144,ne.equations._eqn_1,110329,15094,43090,0,8091,8091,0
145,nonempty.dcases_on,219743,41509,85594,0,17532,17532,0
146,monad.cases_on,180975,34086,73963,0,14647,14647,0
147,false_and,249920,56365,94785,0,19330,19330,0
148,is_symm.cases_on,186720,38761,75059,0,15253,15253,0
149,and_iff_right,289031,72371,123182,0,25738,25738,0
150,is_symm.rec_on,186720,44230,75289,0,16678,16678,0
151,is_total.cases_on,192674,36161,76407,0,15475,15475,0
152,tactic.unfold_config.no_confusion_type,210880,40362,81387,0,17339,17339,0
153,is_total.rec_on,192674,38622,76934,0,15721,15721,0
154,monad_io_random.cases_on,-1,-1,-1,-1,-1,-1,200
155,string.iterator.next_to_string,264297,176031,119591,2,35222,35222,0
156,monad_io_random.rec_on,-1,-1,-1,-1,-1,-1,200
157,monad_run.run,271994,65296,116067,0,23577,23577,0
158,mk_simple_name,266844,330119,124734,2,46259,46259,0
159,name.anonymous.inj,248616,359130,107212,3,45126,45126,0
160,has_seq_right.rec_on,163771,32454,67290,0,14544,14544,0
161,true_and,285762,68870,120577,0,24350,24350,0
162,heq.cases_on,254233,56875,96430,0,20070,20070,0
163,has_coe_to_sort.rec_on,212131,34714,81735,0,16470,16470,0
164,option.is_some,166346,27695,67631,0,13476,13476,0
165,environment.projection_info.is_class,335314,313954,145114,2,53563,53563,0
166,reader_t.has_monad_lift,265607,75116,115077,0,24609,24609,0
167,interactive.loc.wildcard.inj,254176,359437,121154,3,46802,46802,0
168,psigma.cases_on,221212,39027,84162,0,17019,17019,0
169,decidable.rec_on,209835,45934,82190,0,17122,17122,0
170,xor.decidable._proof_2,193674,34154,77703,0,15200,15200,0
171,string.to_list,262034,292651,121116,3,39723,39723,0
172,smt_config.cc_cfg._default,319905,352965,142474,3,52759,52759,0
173,has_repr.rec_on,306571,226005,134570,2,40664,40664,0
174,ordering.sizeof,112091,14193,42911,0,8034,8034,0
175,xor.decidable._proof_3,195832,34305,77196,0,15195,15195,0
176,has_to_string.rec_on,306571,258287,136727,2,41016,41016,0
177,function.comp.right_id,103730,13661,40498,0,7704,7704,0
178,is_asymm.cases_on,231357,55411,90313,0,18493,18493,0
179,is_trans.rec_on,211812,40724,82054,0,16959,16959,0
180,smt_pre_config.simp_attr,330023,399288,145733,3,54908,54908,0
181,tactic.interactive.case_tag.match_result.has_sizeof_inst,146554,19617,60647,0,11570,11570,0
182,classical.strong_indefinite_description._proof_2,109095,17512,42521,0,8847,8847,0
183,equivalence,208469,33994,80803,0,16001,16001,0
184,is_left_null.cases_on,261637,60547,113282,0,22981,22981,0
185,ite,217073,44117,86316,0,18021,18021,0
186,bool.no_confusion_type,135386,17329,57410,0,10740,10740,0
187,int.has_one.equations._eqn_1,122349,16083,46580,0,8641,8641,0
188,refl_of,203368,37699,79818,0,15794,15794,0
189,is_associative.rec_on,223484,48498,86114,0,18179,18179,0
190,transitive.equations._eqn_1,166477,26849,68011,0,13161,13161,0
191,right_inverse.equations._eqn_1,143624,20361,61098,0,11833,11833,0
192,is_right_cancel.cases_on,236332,50504,90204,0,18712,18712,0
193,classical.exists_true_of_nonempty,249474,46298,93624,0,19294,19294,0
194,list.tail._sunfold,203026,39197,79762,0,15980,15980,0
195,psum.rec_on,261254,79478,98584,0,23240,23240,0
196,iff_false,340440,101756,138808,0,29623,29623,0
197,applicative.cases_on,233047,59695,91389,0,19129,19129,0
198,bxor,125367,15898,47434,0,8738,8738,0
199,bxor._sunfold,125367,16699,47864,0,8979,8979,0
200,reader_t.cases_on,285112,64054,120461,0,27190,27190,0
201,trichotomous,-1,-1,-1,-1,-1,-1,200
202,heq_of_eq,290455,77753,123505,0,25759,25759,0
203,exists.intro.equations._eqn_1,200479,43514,80536,0,17122,17122,0
204,nonempty_of_inhabited.equations._eqn_1,214758,47017,84098,0,17557,17557,0
205,has_andthen.rec_on,299933,90716,128138,0,27021,27021,0
206,is_distinct.cases_on,332384,96135,136498,0,29141,29141,0
207,has_one.no_confusion_type,292163,71083,122761,0,25577,25577,0
208,sizeof_measure,197407,35508,78001,0,15667,15667,0
209,strict_weak_order.equiv.equations._eqn_1,135127,19787,58163,0,11125,11125,0
210,or.comm,425576,165581,167669,0,39134,39134,0
211,has_neg.no_confusion_type,307443,69207,125987,0,27062,27062,0
212,is_right_cancel.right_cancel,377192,116176,148788,0,34517,34517,0
213,decidable.by_contradiction,245736,66997,94928,0,21326,21326,0
214,acc.cases_on,334734,90947,136555,0,30209,30209,0
215,prod.map,356485,118429,141731,0,31288,31288,0
216,monad_state.cases_on,325856,88758,132471,0,28889,28889,0
217,is_left_inv.left_inv,409229,190372,160708,0,41770,41770,0
218,cc_config.cases_on,344643,409587,149872,2,56855,56855,0
219,ordering.or_else._main.equations._eqn_2,56260,7442,22194,0,4602,4602,0
220,is_left_distrib.rec_on,332611,101944,135928,0,29918,29918,0
221,has_subset.no_confusion_type,320974,93169,132467,0,28725,28725,0
222,io.process.stdio.no_confusion_type,-1,-1,-1,-1,-1,-1,200
223,except.to_option,315525,90149,130636,0,28003,28003,0
224,has_add.no_confusion_type,325153,95015,134602,0,28956,28956,0
225,int.nat_abs_of_neg_succ_of_nat,68197,7487,29411,0,5372,5372,0
226,is_strict_order.dcases_on,434577,146813,168222,0,40248,40248,0
227,function.right_inverse.equations._eqn_1,135936,18672,57678,0,10985,10985,0
228,string.to_list.equations._eqn_1,236813,195007,97870,2,31009,31009,0
229,is_equiv.drec_on,438149,186947,169765,0,45861,45861,0
230,asymm_of,367078,127999,147716,0,34786,34786,0
231,has_monad_lift_t_trans,-1,-1,-1,-1,-1,-1,200
232,string.iterator.extract._match_1,413264,301511,169597,2,52019,52019,0
234,is_strict_weak_order.dcases_on,448751,198535,174065,0,46635,46635,0
235,tactic.interactive.case_tag.match_result.no_confusion_type,178884,29730,72271,0,14025,14025,0
236,int.nonneg.equations._eqn_1,161709,28413,66809,0,13276,13276,0
237,mjoin,457579,154753,174080,0,43689,43689,0
238,tactic.interactive.case_tag.match_result.combine._main,154163,22049,63719,0,12261,12261,0
239,option.get_or_else._main.equations._eqn_1,54638,5973,21442,0,4113,4113,0
240,vm_obj_kind.cases_on,406443,171798,159760,0,41201,41201,0
241,monad_io.cases_on,-1,-1,-1,-1,-1,-1,200
242,monad_except_adapter.rec_on,431135,176136,171430,0,40599,40599,0
243,option_t.has_monad_lift,-1,-1,-1,-1,-1,-1,200
244,is_cond_right_inv.cases_on,453218,184479,178668,0,44135,44135,0
245,option.is_none.equations._eqn_2,57649,6364,22550,0,4280,4280,0
246,monad_functor.monad_map,516328,286006,215436,0,62845,62845,0
247,and.imp,303432,92856,126324,0,29761,29761,0
248,option.get_or_else.equations._eqn_2,57014,6072,21956,0,4140,4140,0
249,monad_functor_t.rec_on,432479,196329,175042,0,41433,41433,0
250,subtype.sizeof,364282,94654,144385,0,32354,32354,0
251,feature_search.feature_cfg.no_confusion_type,449174,174854,171644,0,42618,42618,0
252,is_asymm.drec,479800,205311,184174,0,45770,45770,0
253,monad.unlessb,-1,-1,-1,-1,-1,-1,200
254,is_antisymm.dcases_on,456254,182922,177634,0,43123,43123,0
255,function.combine.equations._eqn_1,169033,27304,67949,0,13866,13866,0
256,neq_of_not_iff,332348,123181,137385,0,31954,31954,0
257,tactic.new_goals.non_dep_only.sizeof_spec,64484,7078,24634,0,4537,4537,0
258,string.iterator.has_next._sunfold,423439,308463,173253,2,52794,52794,0
259,io.process.spawn_args.no_confusion_type,-1,-1,-1,-1,-1,-1,200
260,int.to_nat._main.equations._eqn_2,56600,7483,22364,0,4562,4562,0
261,int.no_confusion_type,265526,69844,116019,0,24803,24803,0
262,monad_io_environment.no_confusion_type,-1,-1,-1,-1,-1,-1,200
263,is_antisymm.drec,454026,196616,178109,0,48262,48262,0
264,function.right_inverse_of_injective_of_left_inverse,153254,23521,63102,0,12700,12700,0
265,eq.substr,386308,128980,153511,0,35347,35347,0
266,failure.equations._eqn_1,305112,114875,129238,0,28348,28348,0
267,bxor.equations._eqn_3,51863,5596,20582,0,3907,3907,0
268,eq.mpr,355252,138594,142126,0,33573,33573,0
269,is_right_null.drec,548413,266429,234632,0,58457,58457,0
270,well_founded.fix_F,362871,118049,146352,0,33440,33440,0
271,io.mode.write.sizeof_spec,-1,-1,-1,-1,-1,-1,200
272,bxor.equations._eqn_4,51957,5538,20600,0,3872,3872,0
273,is_left_id.dcases_on,555451,233412,238305,0,59997,59997,0
274,and_not_self,339654,107514,139507,0,30102,30102,0
275,psigma.snd,692511,459566,282770,0,79797,79797,0
276,function.curry_uncurry,-1,-1,-1,-1,-1,-1,200
277,trans_rel_right,409320,125113,159711,0,37147,37147,0
278,int.lnot._sunfold,120298,18155,45971,0,9412,9412,0
279,is_right_null.dcases_on,549673,248135,233246,0,58293,58293,0
280,except.to_option.equations._eqn_2,101961,12644,39794,0,7399,7399,0
281,monad_reader.no_confusion_type,457211,172339,175179,0,42601,42601,0
282,iff_eq_eq,529666,232636,228389,0,54713,54713,0
283,nat.lt_of_lt_of_le,281894,94135,119696,0,27452,27452,0
284,string.iterator.extract._match_1.equations._eqn_1,250790,230300,111396,3,35575,35575,0
285,nat.lt_succ_of_le,384603,208538,178506,0,38724,38724,0
286,reader_t.pure,650245,415916,269793,0,76003,76003,0
287,list.head.equations._eqn_1,172480,35691,70385,0,15250,15250,0
288,min_default,455045,190080,175360,0,44521,44521,0
289,tt_eq_ff_eq_false,-1,-1,-1,-1,-1,-1,200
290,environment.projection_info.no_confusion_type,626415,575169,269231,3,96221,96221,0
291,monad_run.no_confusion_type,511829,229683,199365,0,51175,51175,0
292,nat.less_than_or_equal.drec,620002,342318,257499,0,69031,69031,0
293,string.iterator.extract_core._match_1.equations._eqn_1,263520,200159,120525,2,35161,35161,0
294,binder_info.aux_decl.sizeof_spec,64484,7242,24889,0,4563,4563,0
295,xor.decidable._match_1.equations._eqn_1,74284,8015,30927,0,5706,5706,0
296,binder_info.inst_implicit.sizeof_spec,64484,6918,24611,0,4494,4494,0
297,imp_congr,535694,266133,232788,0,58254,58254,0
298,string.iterator.has_next._main.equations._eqn_1,225944,199622,94809,2,30446,30446,0
299,string.iterator.has_next._main.equations._eqn_2,229708,148180,94754,2,29475,29475,0
300,iff_iff_implies_and_implies,554985,319099,238344,0,59183,59183,0
301,int.neg_of_nat.equations._eqn_1,67658,7975,29793,0,5554,5554,0
302,tactic.interactive.case_tag.match_result.combine._main.equations._eqn_6,52591,5329,20778,0,3784,3784,0
303,imp_congr_ctx,552221,264001,235284,0,60273,60273,0
304,tactic.interactive.case_tag.match_result.combine.equations._eqn_2,52685,5762,21369,0,4018,4018,0
305,except.map._main.equations._eqn_1,145211,20275,60557,0,11565,11565,0
306,string.iterator.has_prev.equations._eqn_2,229708,189104,95507,2,30201,30201,0
307,tactic.interactive.case_tag.match_result.combine.equations._eqn_1,52685,5939,20987,0,3996,3996,0
308,list.no_confusion_type,498297,243953,191374,0,50446,50446,0
309,except.map_error._main.equations._eqn_2,143760,24579,61898,0,12164,12164,0
310,state_t.put,750519,500048,298524,0,89407,89407,0
311,has_andthen.no_confusion_type,613896,310881,251681,0,67047,67047,0
312,preorder.lt._default.equations._eqn_1,148248,30717,71023,0,13090,13090,0
313,option.orelse._main.equations._eqn_1,82743,9249,33695,0,6308,6308,0
314,monad_io_is_monad_fail.equations._eqn_1,-1,-1,-1,-1,-1,-1,200
315,tactic.transparency.no_confusion_type,276586,61064,116983,0,23949,23949,0
316,io.iterate.equations._eqn_1,-1,-1,-1,-1,-1,-1,200
317,option.orelse.equations._eqn_3,101704,12794,39888,0,7577,7577,0
318,int.coe_nat_eq,71371,8229,30710,0,5651,5651,0
319,well_founded.induction,539997,257508,233496,0,58578,58578,0
320,state_t.modify,761601,551376,304148,0,91850,91850,0
321,punit.decidable_eq.equations._eqn_1,405902,166504,160297,0,37883,37883,0
322,and_comm,560809,272753,238559,0,59368,59368,0
323,int.neg._sunfold,233199,47527,89186,0,18045,18045,0
324,int.neg,233199,56826,92186,0,18185,18185,0
325,decidable.rec_on_false,572708,263935,243899,0,67618,-1,0
326,psum.no_confusion_type,594394,315125,251243,0,64598,64598,0
327,format.color.pink.sizeof_spec,64484,6959,24528,0,4429,4429,0
328,rec_subsingleton,584893,303324,246432,0,69690,-1,0
329,string.iterator.prev._main.equations._eqn_1,266133,293933,123116,3,40803,40803,0
330,is_right_distrib.drec_on,706162,620043,287450,0,90472,90472,0
331,string.iterator.next.equations._eqn_2,305204,248033,138129,3,46862,46862,0
332,d_array.cases_on,648075,457620,267922,0,79913,-1,0
333,xor.decidable._proof_4,512099,243415,194240,0,49478,49478,0
334,exists_unique.elim,580698,378978,252037,0,65101,65101,0
335,monad_io_net_system.cases_on,-1,-1,-1,-1,-1,-1,200
336,acc.drec,836309,643118,329385,0,103615,103615,0
337,strict_weak_order.esymm,455878,202103,176808,0,43675,43675,0
338,implies.decidable,613113,323703,253076,0,66952,66952,0
339,true_iff,333924,110849,137558,0,29782,29782,0
340,is_incomp_trans.dcases_on,772540,559342,303980,0,93159,93159,0
341,is_cond_left_inv.drec_on,950407,837760,368705,0,126686,126686,0
342,assert,885621,667950,344841,0,113378,113378,0
343,int.coe_nat_one,79305,9353,33328,0,6119,6119,0
344,lift_fn_dom.equations._eqn_1,394539,129210,155208,0,36271,36271,0
345,has_one.mk.inj,761809,532366,303588,0,91377,-1,0
346,is_lawful_singleton.cases_on,915142,880955,357105,0,127967,-1,0
347,exists_unique_of_exists_of_unique,743054,689102,393592,0,135100,135100,0
348,nat.one_ne_zero,-1,-1,-1,-1,-1,-1,200
349,nat.zero_ne_one,-1,-1,-1,-1,-1,-1,200
350,expr.coord.app_fn.sizeof_spec,64484,7346,24899,0,4665,4665,0
351,eqv_gen.is_equivalence,786036,683485,312646,0,91668,91668,0
352,has_one.mk.inj_arrow,777543,570596,308191,0,94944,-1,0
353,has_neg.mk.inj,816209,623812,318446,0,102561,-1,0
354,d_array.read,762634,614590,308204,0,99803,-1,0
355,coe_fn_trans.equations._eqn_1,-1,-1,-1,-1,-1,-1,200
356,has_lt.mk.inj,846708,570701,327757,0,109002,-1,0
357,state_t.monad_state,1170461,1504713,-1,-1,-1,-1,-1000
358,option_t.catch._match_1,913461,741206,351588,0,118702,118702,0
359,int.neg_succ_of_nat.inj,700641,456527,283627,0,82699,-1,0
360,monad_state_adapter.no_confusion_type,1035384,971339,391751,0,147747,147747,0
361,has_mod.mk.inj,850641,802767,330382,0,114693,-1,0
362,reader_t.monad_functor.equations._eqn_1,824052,610621,318684,0,103879,103879,0
363,imp_congr_ctx_eq,1020796,934923,387800,0,143471,143471,0
364,has_zero.no_confusion,990360,955257,374539,0,137422,-1,0
365,prod.mk.eta,857684,672387,332834,0,106031,-1,0
366,has_dvd.mk.inj,846708,856580,334478,0,117030,-1,0
367,feature_search.predictor_cfg.no_confusion,1091508,1041963,459364,0,189229,-1,0
368,io.net.listen,-1,-1,-1,-1,-1,-1,200
369,has_add.mk.inj,850641,938424,333113,0,115990,-1,0
370,string_imp.no_confusion,1030806,1205941,404161,2,173028,-1,-1000
371,except_t.bind_cont,1128837,1240934,482884,0,-1,-1,-1000
372,int.neg_succ_of_nat.inj_arrow,716141,469118,285860,0,82261,-1,0
373,nat.brec_on,1355593,1656496,-1,-1,-1,-1,-1000
374,guardb.equations._eqn_2,637536,303853,259922,0,71738,71738,0
375,has_subset.mk.inj_arrow,864592,872716,336557,0,117526,-1,0
376,cast_heq,-1,-1,-1,-1,-1,-1,-1000
377,prod.lex.drec_on,-1,-1,-1,-1,-1,-1,-1000
378,has_sizeof.no_confusion,1045108,1055277,397091,0,158964,-1,0
379,has_ssubset.no_confusion,1057120,1082394,452477,0,171820,-1,0
380,array.read,755527,566003,301807,0,96447,-1,0
381,io.mode.no_confusion,-1,-1,-1,-1,-1,-1,200
382,left_comm,918703,738125,354455,0,116345,116345,0
383,except_t.catch,-1,-1,-1,-1,-1,-1,-1000
384,interactive.loc.ns.inj,1025932,1283484,402394,3,-1,-1,-1000
385,eqv_gen.drec_on,-1,-1,-1,-1,-1,-1,-1000
386,has_coe_t.mk.inj_arrow,984523,954066,371806,0,143165,-1,0
387,when.equations._eqn_1,846502,646098,325830,1,111706,111706,0
388,nat.le_succ_of_pred_le,939180,841608,359256,0,129786,-1,0
389,list.binduction_on,-1,-1,-1,-1,-1,-1,-1000
390,vm_obj_kind.simple.sizeof_spec,64484,7500,26817,0,5044,5044,0
391,vm_obj_kind.declaration.sizeof_spec,64484,8089,27225,0,5254,5254,0
392,option_t.catch,-1,-1,-1,-1,-1,-1,-1000
393,feature_search.feature_cfg.no_confusion,-1,-1,-1,-1,-1,-1,-1000
394,io.net.send,-1,-1,-1,-1,-1,-1,200
395,int.neg_neg_of_nat_succ,83062,11102,37277,0,7073,7073,0
396,decidable.rec_on_true.equations._eqn_1,711593,474801,306924,0,86254,-1,0
397,int.neg_of_nat_of_succ,71277,8597,33179,0,6070,6070,0
398,has_lift.no_confusion,1237529,1488289,-1,-1,-1,-1,-1000
399,pprod.mk.inj,-1,-1,-1,-1,-1,-1,-1000
400,int.neg.equations._eqn_1,186515,48741,80994,0,16282,16282,0
401,decidable.subsingleton,970317,721606,367906,0,127518,127518,0
402,has_lift_t.sizeof,199717,36472,85406,0,16308,16308,0
403,interactive.loc.no_confusion,-1,-1,-1,-1,-1,-1,-1000
404,is_asymm_of_is_trans_of_is_irrefl.equations._eqn_1,899865,601806,367626,0,112661,112661,0
405,has_pure.has_sizeof_inst,185748,38963,81203,0,16283,16283,0
406,has_monad_lift_t.sizeof,213513,48875,91587,0,18285,18285,0
407,has_lift_t.has_sizeof_inst,254887,86022,179632,0,34898,34898,0
408,has_seq_left.mk.inj,1066405,1113511,455309,0,181936,-1,0
409,decidable.not_or_iff_and_not,1184508,1215418,499893,0,-1,-1,-1000
410,state_t.sizeof,300075,61720,124773,0,25975,25975,0
411,_private.2191042625.u_def,1067930,1064678,454785,0,174769,-1,0
412,has_seq.sizeof,160882,29199,71383,0,13847,13847,0
413,int.lnot.equations._eqn_1,71277,8281,33385,0,6032,6032,0
414,int.neg._main.equations._eqn_2,83062,9703,34081,0,6255,6255,0
415,has_mem.no_confusion,1312684,1733696,-1,-1,-1,-1,-1000
416,has_seq_left.no_confusion,1239336,1555169,-1,-1,-1,-1,-1000
417,monad_io_environment.mk.inj,-1,-1,-1,-1,-1,-1,200
418,io.finally._match_1.equations._eqn_1,-1,-1,-1,-1,-1,-1,200
419,reader_t.mk.inj,1196139,1615084,-1,-1,-1,-1,-1000
420,decidable.rec_on_false.equations._eqn_1,719630,484344,312370,0,91126,-1,0
421,has_bind.no_confusion,-1,-1,-1,-1,-1,-1,-1000
422,reducibility_hints.regular.inj,1206157,1148457,501783,0,-1,-1,-1000
423,option_t.monad_except,-1,-1,-1,-1,-1,-1,-1000
424,alternative.no_confusion,-1,-1,-1,-1,-1,-1,-1000
425,nat.iterate._main,-1,-1,-1,-1,-1,-1,-1000
426,reader_t.bind.equations._eqn_1,1212922,1211113,500902,0,-1,-1,-1000
427,has_seq_right.mk.inj_arrow,1087859,1161928,461400,0,-1,-1,-1000
428,except.error.inj,996098,978119,381898,0,142251,-1,0
429,function.surjective.comp,1235296,1411482,-1,-1,-1,-1,-1000
430,monad_functor.has_sizeof_inst,497634,239314,204580,0,50891,50891,0
431,_private.3409144537.v.equations._eqn_1,606972,340785,252351,0,66576,66576,0
432,dlist.apply,-1,-1,-1,-1,-1,-1,200
433,psum.inl.inj,997726,911410,404438,0,148275,-1,0
434,_private.1748694679.u.equations._eqn_1,607242,329187,259368,0,68382,68382,0
435,sum.inl.inj,996098,872060,378773,0,145021,-1,0
436,state_t.mk.inj,1314773,1761010,-1,-1,-1,-1,-1000
437,list.range,-1,-1,-1,-1,-1,-1,-1000
438,int.of_nat.inj_eq,1105566,1091379,466474,0,176955,-1,0
439,int.neg_succ_of_nat.inj_eq,1102232,1160608,469790,0,-1,-1,-1000
440,list.iota._sunfold,-1,-1,-1,-1,-1,-1,-1000
441,state_t.mk.inj_arrow,-1,-1,-1,-1,-1,-1,-1000
442,monad_reader.has_sizeof_inst,-1,-1,-1,-1,-1,-1,-1000
443,io.fs.rmdir,-1,-1,-1,-1,-1,-1,200
444,string.iterator.remove,-1,-1,-1,-1,-1,-1,-1000
445,io.fs.mkdir,-1,-1,-1,-1,-1,-1,200
446,string.iterator.remove._main,-1,-1,-1,-1,-1,-1,-1000
447,rsimp.config.mk.inj_arrow,-1,-1,-1,-1,-1,-1,-1000
448,implies_of_if_neg,945204,1023712,362004,0,125170,-1,0
450,option.sizeof._main,-1,-1,-1,-1,-1,-1,-1000
451,psum.no_confusion,-1,-1,-1,-1,-1,-1,-1000
452,nat.add_one_ne_zero,-1,-1,-1,-1,-1,-1,200
453,list.foldr,-1,-1,-1,-1,-1,-1,-1000
454,option_t.run_monad_map,-1,-1,-1,-1,-1,-1,200
455,io.stderr,-1,-1,-1,-1,-1,-1,200
456,occurrences.no_confusion,-1,-1,-1,-1,-1,-1,-1000
457,io.fs.is_eof,-1,-1,-1,-1,-1,-1,200
458,state_t.run_monad_lift,-1,-1,-1,-1,-1,-1,200
459,expr.address.has_append,-1,-1,-1,-1,-1,-1,-1000
460,list.nth,-1,-1,-1,-1,-1,-1,-1000
461,bin_tree.binduction_on,-1,-1,-1,-1,-1,-1,-1000
462,list.mmap,-1,-1,-1,-1,-1,-1,200
463,string.iterator.prev_to_string,-1,-1,-1,-1,-1,-1,-1000
464,list.update_nth,-1,-1,-1,-1,-1,-1,-1000
465,io.fs.write,-1,-1,-1,-1,-1,-1,200
466,monad_io_file_system.write,-1,-1,-1,-1,-1,-1,200
467,io.finally,-1,-1,-1,-1,-1,-1,200
468,list.drop_while._main,-1,-1,-1,-1,-1,-1,-1000
469,list.repeat._main.equations._eqn_1,85471,11462,39148,0,7403,7403,0
470,sum.inl.inj_eq,-1,-1,-1,-1,-1,-1,-1000
471,psum.inr.inj_eq,-1,-1,-1,-1,-1,-1,-1000
473,nat.add_one,68197,8000,34028,0,5895,5895,0
474,list.range_core.equations._eqn_1,73519,9377,33758,0,6275,6275,0
475,buffer.map._sunfold,-1,-1,-1,-1,-1,-1,200
476,buffer.map,-1,-1,-1,-1,-1,-1,200
477,string.push._main,-1,-1,-1,-1,-1,-1,-1000
478,subsingleton_info.sizeof,89641,11605,38164,0,7065,7065,0
479,list.drop._main.equations._eqn_2,88257,11852,39129,0,7231,7231,0
480,modify,644603,358054,281107,0,78896,78896,0
481,array.map,1099891,1208944,476870,0,-1,-1,-1000
482,string.str,-1,-1,-1,-1,-1,-1,-1000
483,put,633806,459832,281789,1,81285,81285,0
484,string.push._sunfold,-1,-1,-1,-1,-1,-1,-1000
485,state_t.bind.equations._eqn_1,-1,-1,-1,-1,-1,-1,-1000
486,has_coe.mk.sizeof_spec,72420,8635,33384,0,6116,6116,0
487,list.after,-1,-1,-1,-1,-1,-1,-1000
488,monad_io_process.no_confusion_type,-1,-1,-1,-1,-1,-1,200
489,int.coe_nat_eq_coe_nat_iff,1049519,1216098,464140,0,-1,-1,-1000
490,monad_except_adapter.mk.inj_arrow,-1,-1,-1,-1,-1,-1,-1000
491,monad_state.mk.inj_arrow,-1,-1,-1,-1,-1,-1,-1000
492,has_seq_right.mk.sizeof_spec,71276,8645,32577,0,5982,5982,0
493,monad_run.mk.sizeof_spec,73124,8551,34425,0,6173,6173,0
494,list.mfirst._main,-1,-1,-1,-1,-1,-1,-1000
495,nat.bodd_zero,51957,5404,22131,0,4083,4083,0
496,string.has_append,-1,-1,-1,-1,-1,-1,-1000
497,nat.bodd_div2.equations._eqn_1,154803,22918,68729,0,13057,13057,0
498,well_founded.fix_eq,-1,-1,-1,-1,-1,-1,200
499,monad_functor.mk.sizeof_spec,78909,10365,36125,0,6697,6697,0
500,monad_state.mk.sizeof_spec,81852,10418,37752,0,7306,7306,0
501,list.map.equations._eqn_1,88118,10901,38301,0,6954,6954,0
502,list.map_singleton,147234,23395,66065,0,13319,13319,0
503,has_to_string.mk.sizeof_spec,239470,232773,106007,3,34121,34121,0
504,list.mem_nil_iff,93973,11629,40130,0,7261,7261,0
505,except_t.adapt.equations._eqn_1,-1,-1,-1,-1,-1,-1,-1000
506,list.erase,-1,-1,-1,-1,-1,-1,-1000
507,list.nil_append,72581,9395,33773,0,6271,6271,0
508,option.get._sunfold,-1,-1,-1,-1,-1,-1,-1000
509,id.pure_eq,54638,6184,23083,0,4396,4396,0
510,dlist.to_list._sunfold,-1,-1,-1,-1,-1,-1,200
511,nat.sub_induction._main.equations._eqn_2,127077,19753,51704,0,9947,9947,0
512,strict_weak_order.is_equiv,-1,-1,-1,-1,-1,-1,-1000
513,monad_functor.mk.inj_arrow,-1,-1,-1,-1,-1,-1,-1000
514,list.lt,-1,-1,-1,-1,-1,-1,-1000
515,option_t.orelse.equations._eqn_1,-1,-1,-1,-1,-1,-1,-1000
516,list.update_nth._sunfold,-1,-1,-1,-1,-1,-1,-1000
517,list.update_nth._main.equations._eqn_2,123333,18165,53868,0,9835,9835,0
518,list.find_index._main.equations._eqn_1,66911,8472,34102,0,6133,6133,0
519,list.partition._main,-1,-1,-1,-1,-1,-1,-1000
520,list.zip_with._main.equations._eqn_1,92796,12835,43033,0,7876,7876,0
521,coe_decidable_eq,-1,-1,-1,-1,-1,-1,-1000
522,subtype.decidable_eq,-1,-1,-1,-1,-1,-1,-1000
523,nat.not_lt_zero,-1,-1,-1,-1,-1,-1,-1000
524,prod.has_well_founded._proof_1,-1,-1,-1,-1,-1,-1,-1000
525,except_t.catch.equations._eqn_1,-1,-1,-1,-1,-1,-1,-1000
526,to_bool_tt,-1,-1,-1,-1,-1,-1,-1000
527,buffer.foreach._main,-1,-1,-1,-1,-1,-1,200
528,list.lt.equations._eqn_1,58815,6420,26300,0,4564,4564,0
529,int.has_sizeof_inst,-1,-1,-1,-1,-1,-1,-1000
530,prod.sizeof,-1,-1,-1,-1,-1,-1,-1000
531,psum.sizeof._sunfold,-1,-1,-1,-1,-1,-1,-1000
532,psum.sizeof._main,-1,-1,-1,-1,-1,-1,-1000
533,list.length,-1,-1,-1,-1,-1,-1,-1000
535,list.is_prefix_of._sunfold,-1,-1,-1,-1,-1,-1,-1000
536,list.intersperse.equations._eqn_2,131919,18001,64740,0,11579,11579,0
537,tactic.rewrite_cfg.mk.inj_arrow,-1,-1,-1,-1,-1,-1,-1000
538,string.has_sizeof,-1,-1,-1,-1,-1,-1,-1000
539,list.is_prefix_of.equations._eqn_3,72117,8863,34104,0,6090,6090,0
540,list.map_with_index_core._main,-1,-1,-1,-1,-1,-1,-1000
541,list.mfoldr._main.equations._eqn_1,-1,-1,-1,-1,-1,-1,200
542,ordering.decidable_eq._match_4.equations._eqn_2,650209,448292,283368,0,82541,-1,0
543,io.proc.child.stdin.equations._eqn_1,-1,-1,-1,-1,-1,-1,200
544,psigma.has_well_founded._proof_1,-1,-1,-1,-1,-1,-1,200
545,lean.is_release,4995,521,2503,0,473,473,0
546,list.unzip._sunfold,-1,-1,-1,-1,-1,-1,-1000
547,ordering.decidable_eq._match_4.equations._eqn_1,651823,428205,284982,0,87421,-1,0
548,list.span.equations._eqn_1,186730,31220,86611,0,15890,15890,0
549,int.bodd,-1,-1,-1,-1,-1,-1,-1000
550,int.bodd._main,-1,-1,-1,-1,-1,-1,-1000
551,list.map_accumr₂._sunfold,-1,-1,-1,-1,-1,-1,-1000
552,list.unzip._main.equations._eqn_1,196412,38430,80008,0,15877,15877,0
553,prod.decidable_eq._sunfold,-1,-1,-1,-1,-1,-1,-1000
554,monad.sequence.equations._eqn_1,-1,-1,-1,-1,-1,-1,200
555,list.join,-1,-1,-1,-1,-1,-1,-1000
556,int.div2._main,-1,-1,-1,-1,-1,-1,-1000
557,string.iterator.to_string._sunfold,-1,-1,-1,-1,-1,-1,-1000
558,nat.bodd_two,51957,6118,23339,0,4340,4340,0
559,list.ilast._main.equations._eqn_3,62082,7513,27802,0,5003,5003,0
560,function.bijective.comp,-1,-1,-1,-1,-1,-1,-1000
561,io.fs.rmdir.equations._eqn_1,-1,-1,-1,-1,-1,-1,200
562,nat.iterate.equations._eqn_2,-1,-1,-1,-1,-1,-1,-1000
563,list.map_with_index_core._main.equations._eqn_1,93148,12013,40542,0,7381,7381,0
564,nat.add_succ,-1,-1,-1,-1,-1,-1,-1000
565,list.has_dec_eq._match_2.equations._eqn_2,723316,571934,312757,0,97310,97310,0
566,_private.3913586777.to_list_aux._main,-1,-1,-1,-1,-1,-1,-1000
567,fin.elim0,-1,-1,-1,-1,-1,-1,-1000
568,subtype.eq,-1,-1,-1,-1,-1,-1,-1000
569,option.decidable_eq._sunfold,-1,-1,-1,-1,-1,-1,-1000
570,io.stderr.equations._eqn_1,-1,-1,-1,-1,-1,-1,200
571,array.has_mem.equations._eqn_1,-1,-1,-1,-1,-1,-1,-1000
572,nat.decidable_eq._main,-1,-1,-1,-1,-1,-1,-1000
573,list.mfoldr.equations._eqn_2,-1,-1,-1,-1,-1,-1,200
574,list.mfoldl.equations._eqn_2,-1,-1,-1,-1,-1,-1,200
575,setoid.mk.sizeof_spec,78280,10031,37338,0,6778,6778,0
576,nat.bit1_eq_succ_bit0,-1,-1,-1,-1,-1,-1,-1000
577,monad_io.sizeof,-1,-1,-1,-1,-1,-1,200
578,bin_tree.node.inj_arrow,-1,-1,-1,-1,-1,-1,-1000
579,io.fs.get_line.equations._eqn_1,-1,-1,-1,-1,-1,-1,200
580,exists_prop_decidable.equations._eqn_1,1232428,1667834,-1,-1,-1,-1,-1000
581,list.last,-1,-1,-1,-1,-1,-1,-1000
582,monad.mapm.equations._eqn_1,-1,-1,-1,-1,-1,-1,200
583,io.finally.equations._eqn_1,-1,-1,-1,-1,-1,-1,200
584,get.equations._eqn_1,688874,434529,298151,1,86391,86391,0
585,list.drop.equations._eqn_3,-1,-1,-1,-1,-1,-1,-1000
586,monad.sequence._main.equations._eqn_2,-1,-1,-1,-1,-1,-1,200
587,dlist.has_sizeof_inst,-1,-1,-1,-1,-1,-1,200
588,put.equations._eqn_1,705583,479582,304624,1,93191,93191,0
589,list.take._main.equations._eqn_3,-1,-1,-1,-1,-1,-1,-1000
590,nat.decidable_eq._main.equations._eqn_1,165263,26950,71941,0,14024,14024,0
591,string.iterator.remove._main.equations._eqn_1,-1,-1,-1,-1,-1,-1,-1000
592,list.has_decidable_lt._match_1._proof_1,-1,-1,-1,-1,-1,-1,-1000
594,monad_io_net_system.no_confusion,-1,-1,-1,-1,-1,-1,200
595,list.last.equations._eqn_1,151728,22731,68157,0,13319,13319,0
596,vector.nil._proof_1,-1,-1,-1,-1,-1,-1,200
597,dif_ctx_congr,-1,-1,-1,-1,-1,-1,-1000
598,vector.elim._proof_1,-1,-1,-1,-1,-1,-1,200
599,buffer.pop_back._main,-1,-1,-1,-1,-1,-1,200
600,if_ctx_simp_congr_prop,-1,-1,-1,-1,-1,-1,-1000
601,bool.decidable_eq.equations._eqn_2,-1,-1,-1,-1,-1,-1,-1000
602,list.mem.equations._eqn_2,-1,-1,-1,-1,-1,-1,-1000
603,list.map_cons,-1,-1,-1,-1,-1,-1,-1000
604,list.append._main.equations._eqn_2,-1,-1,-1,-1,-1,-1,-1000
605,io.fs.get_char._proof_1,-1,-1,-1,-1,-1,-1,200
606,eq_ff_eq_not_eq_tt,-1,-1,-1,-1,-1,-1,-1000
607,nat.not_succ_le_self,-1,-1,-1,-1,-1,-1,-1000
608,list.all.equations._eqn_1,-1,-1,-1,-1,-1,-1,-1000
609,string.fold.equations._eqn_1,-1,-1,-1,-1,-1,-1,-1000
610,buffer.mem.equations._eqn_1,-1,-1,-1,-1,-1,-1,200
611,string.push.equations._eqn_1,-1,-1,-1,-1,-1,-1,-1000
612,string.iterator.insert._main.equations._eqn_1,-1,-1,-1,-1,-1,-1,-1000
613,setoid.symm,-1,-1,-1,-1,-1,-1,-1000
614,list.after.equations._eqn_2,-1,-1,-1,-1,-1,-1,-1000
615,list.mfirst.equations._eqn_2,-1,-1,-1,-1,-1,-1,-1000
616,string.iterator.prevn._main.equations._eqn_1,226284,222645,108945,3,36188,36188,0
617,string.iterator.prevn,-1,-1,-1,-1,-1,-1,-1000
618,nat.mul._main.equations._eqn_1,56600,6675,25406,0,4551,4551,0
619,nat.mul_zero,56600,6472,24047,0,4427,4427,0
620,psigma.has_well_founded.equations._eqn_1,-1,-1,-1,-1,-1,-1,200
621,string.iterator.nextn._main,-1,-1,-1,-1,-1,-1,-1000
622,lean.is_release.equations._eqn_1,51863,5931,23313,0,4266,4266,0
623,nat.shiftr.equations._eqn_1,56506,6497,23869,0,4472,4472,0
624,nat.le_antisymm,-1,-1,-1,-1,-1,-1,-1000
625,has_well_founded_of_has_sizeof,-1,-1,-1,-1,-1,-1,0
626,fin.val_zero,56600,7672,26394,0,4513,4513,0
627,nat.digit_succ,-1,-1,-1,-1,-1,-1,0
628,list.map_accumr.equations._eqn_2,-1,-1,-1,-1,-1,-1,-1000
629,psum.sizeof._main.equations._eqn_2,-1,-1,-1,-1,-1,-1,-1000
630,list.partition._main.equations._eqn_2,-1,-1,-1,-1,-1,-1,-1000
631,psum.sizeof.equations._eqn_2,-1,-1,-1,-1,-1,-1,-1000
632,int.nat_abs_eq,934798,858146,388664,1,168438,-1,0
633,nat.mul,-1,-1,-1,-1,-1,-1,-1000
634,vector.decidable_eq._proof_1,-1,-1,-1,-1,-1,-1,200
635,nat.zero_le,-1,-1,-1,-1,-1,-1,-1000
636,list.map_accumr₂._main.equations._eqn_4,-1,-1,-1,-1,-1,-1,-1000
637,list.nth.equations._eqn_3,-1,-1,-1,-1,-1,-1,-1000
638,prod.sizeof._main.equations._eqn_1,-1,-1,-1,-1,-1,-1,-1000
639,reducibility_hints.regular.sizeof_spec,-1,-1,-1,-1,-1,-1,-1000
640,list.filter_map.equations._eqn_2,-1,-1,-1,-1,-1,-1,-1000
641,sizeof_measure_wf,-1,-1,-1,-1,-1,-1,-1000
642,int.div2.equations._eqn_1,-1,-1,-1,-1,-1,-1,-1000
643,monad_io_file_system.has_sizeof_inst,-1,-1,-1,-1,-1,-1,200
644,nat.shiftr._sunfold,-1,-1,-1,-1,-1,-1,-1000
645,ordering.decidable_eq._match_1.equations._eqn_2,990719,968535,407685,0,160906,-1,0
646,list.enum.equations._eqn_1,-1,-1,-1,-1,-1,-1,-1000
647,list.filter_cons_of_pos,-1,-1,-1,-1,-1,-1,-1000
648,is_lawful_applicative.comp_map._default,-1,-1,-1,-1,-1,-1,200
649,vector.head,-1,-1,-1,-1,-1,-1,200
650,buffer.pop_back.equations._eqn_2,-1,-1,-1,-1,-1,-1,200
652,list.length_cons,-1,-1,-1,-1,-1,-1,-1000
653,prod.decidable_eq.equations._eqn_1,-1,-1,-1,-1,-1,-1,-1000
654,list.has_subset.equations._eqn_1,-1,-1,-1,-1,-1,-1,-1000
655,monad_io_terminal.mk.sizeof_spec,-1,-1,-1,-1,-1,-1,200
656,nat.to_digits._main.equations._eqn_1,131279,24719,67347,0,12262,12262,0
657,string.iterator.to_end.equations._eqn_1,-1,-1,-1,-1,-1,-1,-1000
658,expr.coord.code.equations._eqn_1,52837,5951,23962,0,4365,4365,0
660,bin_tree.to_list.equations._eqn_1,-1,-1,-1,-1,-1,-1,-1000
661,nat.to_digits.equations._eqn_1,131279,21970,65805,0,12238,12238,0
662,nat.exists_eq_succ_of_ne_zero,-1,-1,-1,-1,-1,-1,-1000
663,buffer.append_list._sunfold,-1,-1,-1,-1,-1,-1,200
664,bool_iff_false,-1,-1,-1,-1,-1,-1,-1000
665,buffer.append_list.equations._eqn_1,-1,-1,-1,-1,-1,-1,200
666,monad_io_file_system.mk.inj,-1,-1,-1,-1,-1,-1,200
667,tactic.dsimp_config.max_steps._default,-1,-1,-1,-1,-1,-1,200
668,bool_eq_false,-1,-1,-1,-1,-1,-1,-1000
669,tactic.apply_cfg.mk.inj_arrow,-1,-1,-1,-1,-1,-1,-1000
670,list.sizeof._main.equations._eqn_2,-1,-1,-1,-1,-1,-1,-1000
671,string.popn_back.equations._eqn_1,-1,-1,-1,-1,-1,-1,0
672,list.sizeof.equations._eqn_2,-1,-1,-1,-1,-1,-1,-1000
673,nat.to_digits,-1,-1,-1,-1,-1,-1,-1000
674,vector.head.equations._eqn_2,-1,-1,-1,-1,-1,-1,200
675,buffer.push_back._main.equations._eqn_1,-1,-1,-1,-1,-1,-1,200
676,nat.dvd_mul_right,-1,-1,-1,-1,-1,-1,0
677,tt_band,-1,-1,-1,-1,-1,-1,-1000
678,if_true_right_eq_or,-1,-1,-1,-1,-1,-1,0
679,dlist.cons._aux_1,-1,-1,-1,-1,-1,-1,200
680,tactic.dunfold_config.sizeof,-1,-1,-1,-1,-1,-1,-1000
681,to_bool_ff,-1,-1,-1,-1,-1,-1,-1000
682,vector.cons.equations._eqn_1,-1,-1,-1,-1,-1,-1,200
683,int.test_bit._sunfold,-1,-1,-1,-1,-1,-1,-1000
684,buffer.write.equations._eqn_1,-1,-1,-1,-1,-1,-1,200
685,nat.sub.equations._eqn_2,-1,-1,-1,-1,-1,-1,-1000
686,dlist.lazy_of_list._aux_1,-1,-1,-1,-1,-1,-1,200
687,fin.decidable_eq,-1,-1,-1,-1,-1,-1,-1000
688,nat.bit0_ne_zero,-1,-1,-1,-1,-1,-1,-1000
689,io.fs.put_char.equations._eqn_1,-1,-1,-1,-1,-1,-1,200
690,nat.one_lt_bit1,-1,-1,-1,-1,-1,-1,200
691,option_t.run_bind,-1,-1,-1,-1,-1,-1,-1000
692,fun_info.sizeof,-1,-1,-1,-1,-1,-1,-1000
693,vector.tail._sunfold,-1,-1,-1,-1,-1,-1,200
694,tactic.unfold_config.sizeof,-1,-1,-1,-1,-1,-1,-1000
695,string.to_char_buffer.equations._eqn_1,-1,-1,-1,-1,-1,-1,200
696,buffer.append_list._main.equations._eqn_2,-1,-1,-1,-1,-1,-1,200
697,tactic.simp_intros_config.has_sizeof_inst,-1,-1,-1,-1,-1,-1,-1000
698,int.neg_of_nat_eq_sub_nat_nat_zero,-1,-1,-1,-1,-1,-1,-1000
699,ite_eq_tt_distrib,-1,-1,-1,-1,-1,-1,-1000
700,int.has_add,-1,-1,-1,-1,-1,-1,-1000
701,list.length_repeat,-1,-1,-1,-1,-1,-1,200
703,list.decidable_mem._main.equations._eqn_1,130320,19846,55720,0,10608,10608,0
704,list.bag_inter._main.equations._eqn_2,95745,14470,43674,0,8424,8424,0
705,occurrences.neg.sizeof_spec,-1,-1,-1,-1,-1,-1,-1000
706,int.has_sub,-1,-1,-1,-1,-1,-1,-1000
707,int.le,-1,-1,-1,-1,-1,-1,-1000
708,vector.of_fn._sunfold,-1,-1,-1,-1,-1,-1,200
709,vector.elim._sunfold,-1,-1,-1,-1,-1,-1,200
710,nat.succ_add,-1,-1,-1,-1,-1,-1,0
711,nat.zero_lt_one_add,-1,-1,-1,-1,-1,-1,200
712,int.coe_nat_add,-1,-1,-1,-1,-1,-1,-1000
713,name.rec_on,-1,-1,-1,-1,-1,-1,200
714,expr.coord.has_lt.equations._eqn_1,456009,166980,186333,0,44794,44794,0
715,nat.bodd_succ,-1,-1,-1,-1,-1,-1,-1000
716,monad.mk.sizeof_spec,-1,-1,-1,-1,-1,-1,0
717,int.coe_nat_mul,-1,-1,-1,-1,-1,-1,-1000
718,vector.map_accumr._sunfold,-1,-1,-1,-1,-1,-1,200
719,unsigned.has_le,-1,-1,-1,-1,-1,-1,200
721,unsigned.decidable_eq,-1,-1,-1,-1,-1,-1,200
722,vector.tail.equations._eqn_1,-1,-1,-1,-1,-1,-1,200
723,interactive.loc.has_sizeof_inst,-1,-1,-1,-1,-1,-1,200
724,ematch_config.max_instances._default.equations._eqn_1,-1,-1,-1,-1,-1,-1,-1000
725,occurrences.contains._main.equations._eqn_1,58236,7563,26539,0,5014,5014,0
726,name.get_prefix,-1,-1,-1,-1,-1,-1,200
727,int.add_one_le_of_lt,157908,89505,74465,1,19516,19516,0
728,int.add.equations._eqn_4,-1,-1,-1,-1,-1,-1,-1000
729,vector.elim._match_1.equations._eqn_1,-1,-1,-1,-1,-1,-1,200
730,smt_pre_config.sizeof,-1,-1,-1,-1,-1,-1,200
731,int.of_nat_add_of_nat,-1,-1,-1,-1,-1,-1,-1000
732,list.has_decidable_lt._main.equations._eqn_2,118908,18632,56497,0,9987,9987,0
733,int.neg_succ_of_nat_add_neg_succ_of_nat,-1,-1,-1,-1,-1,-1,-1000
734,list.has_decidable_lt.equations._eqn_1,135206,21386,61970,0,11912,11912,0
735,list.has_decidable_lt.equations._eqn_3,143505,24860,66039,0,13281,13281,0
736,nat.bit1_succ_eq,-1,-1,-1,-1,-1,-1,-1000
737,vector.nth._main.equations._eqn_1,-1,-1,-1,-1,-1,-1,200
738,vector.of_fn._main.equations._eqn_2,-1,-1,-1,-1,-1,-1,200
739,int.mul._main.equations._eqn_3,-1,-1,-1,-1,-1,-1,-1000
740,dlist.concat._sunfold,-1,-1,-1,-1,-1,-1,200
741,int.neg_succ_of_nat_of_nat,-1,-1,-1,-1,-1,-1,-1000
742,vector.eq,-1,-1,-1,-1,-1,-1,200
743,int.add._main.equations._eqn_2,-1,-1,-1,-1,-1,-1,-1000
744,name.get_prefix._main.equations._eqn_1,-1,-1,-1,-1,-1,-1,200
745,nat.decidable_le._sunfold,-1,-1,-1,-1,-1,-1,-1000
746,dlist.append,-1,-1,-1,-1,-1,-1,200
747,name.get_prefix._main.equations._eqn_2,-1,-1,-1,-1,-1,-1,200
748,name.get_prefix._main.equations._eqn_3,-1,-1,-1,-1,-1,-1,200
749,nat.one_lt_bit0,-1,-1,-1,-1,-1,-1,-1000
750,nat.div2_succ,-1,-1,-1,-1,-1,-1,-1000
751,list.filter_sublist,-1,-1,-1,-1,-1,-1,-1000
752,int.sub_eq_add_neg,-1,-1,-1,-1,-1,-1,-1000
753,vector.drop._main,-1,-1,-1,-1,-1,-1,200
754,int.le.intro_sub,-1,-1,-1,-1,-1,-1,0
755,vector.map._main.equations._eqn_1,-1,-1,-1,-1,-1,-1,200
756,list.decidable_mem._sunfold,-1,-1,-1,-1,-1,-1,-1000
757,reader_t.alternative,-1,-1,-1,-1,-1,-1,-1000
758,rsimp.config.mk.sizeof_spec,-1,-1,-1,-1,-1,-1,200
759,nat.div,-1,-1,-1,-1,-1,-1,-1000
760,int.div.equations._eqn_3,71465,9840,36081,0,6357,6357,0
761,int.fmod.equations._eqn_2,71465,10196,32838,0,6241,6241,0
762,io.put_str_ln,-1,-1,-1,-1,-1,-1,200
763,io.print_ln,-1,-1,-1,-1,-1,-1,200
764,nat.zero_sub,-1,-1,-1,-1,-1,-1,0
765,name.mk_numeral.sizeof_spec,-1,-1,-1,-1,-1,-1,200
767,smt_pre_config.mk.sizeof_spec,-1,-1,-1,-1,-1,-1,200
768,dlist.append._main.equations._eqn_1,-1,-1,-1,-1,-1,-1,200
769,list.has_decidable_lt,-1,-1,-1,-1,-1,-1,-1000
770,vector.drop._main.equations._eqn_1,-1,-1,-1,-1,-1,-1,200
771,list.bex_cons,-1,-1,-1,-1,-1,-1,-1000
772,list.union.equations._eqn_1,-1,-1,-1,-1,-1,-1,-1000
773,int.has_lt.equations._eqn_1,-1,-1,-1,-1,-1,-1,-1000
774,tactic.interactive.case_tag.pi.sizeof_spec,-1,-1,-1,-1,-1,-1,200
777,name.no_confusion_type,-1,-1,-1,-1,-1,-1,200
778,nat.bit1_val,-1,-1,-1,-1,-1,-1,200
779,list.has_decidable_lt._match_1.equations._eqn_2,-1,-1,-1,-1,-1,-1,-1000
780,nat.add_assoc,-1,-1,-1,-1,-1,-1,-1000
781,list.append_assoc,-1,-1,-1,-1,-1,-1,-1000
783,name.no_confusion,-1,-1,-1,-1,-1,-1,200
784,list.nth_le._main.equations._eqn_3,-1,-1,-1,-1,-1,-1,-1000
785,list.mem_append,-1,-1,-1,-1,-1,-1,-1000
786,list.repr_aux._main,-1,-1,-1,-1,-1,-1,200
787,string.to_nat,-1,-1,-1,-1,-1,-1,200
788,nat.bodd_add,-1,-1,-1,-1,-1,-1,-1000
789,nat.lt_ge_by_cases.equations._eqn_1,-1,-1,-1,-1,-1,-1,-1000
790,nat.has_mod.equations._eqn_1,-1,-1,-1,-1,-1,-1,-1000
791,dlist.to_list_concat,-1,-1,-1,-1,-1,-1,200
792,nat.bit_val,-1,-1,-1,-1,-1,-1,200
793,int.neg_eq_neg_one_mul,-1,-1,-1,-1,-1,-1,200
794,name.mk_string.inj,-1,-1,-1,-1,-1,-1,200
795,string.iterator.curr._main.equations._eqn_1,-1,-1,-1,-1,-1,-1,200
796,string.iterator.curr.equations._eqn_1,-1,-1,-1,-1,-1,-1,200
797,_private.2536046397.to_nat_core._main,-1,-1,-1,-1,-1,-1,200
798,nat.test_bit_zero,-1,-1,-1,-1,-1,-1,200
799,nat.left_distrib,-1,-1,-1,-1,-1,-1,200
800,nat.mul_sub_right_distrib,-1,-1,-1,-1,-1,-1,200
801,nat.add_le_add_left,-1,-1,-1,-1,-1,-1,-1000
802,nat.mul_assoc,-1,-1,-1,-1,-1,-1,200
803,nat.dvd_trans,-1,-1,-1,-1,-1,-1,200
804,list.repr_aux._main.equations._eqn_3,-1,-1,-1,-1,-1,-1,200
805,list.to_string_aux.equations._eqn_3,-1,-1,-1,-1,-1,-1,200
806,nat.bodd_add_div2,-1,-1,-1,-1,-1,-1,200
807,nat.div_core.equations._eqn_2,-1,-1,-1,-1,-1,-1,-1000
808,int.rem._main,-1,-1,-1,-1,-1,-1,-1000
809,list.to_string_aux._main.equations._eqn_3,-1,-1,-1,-1,-1,-1,200
810,std_gen.random_gen,-1,-1,-1,-1,-1,-1,200
811,unit.has_to_string,-1,-1,-1,-1,-1,-1,200
812,list.to_string_aux._main.equations._eqn_4,-1,-1,-1,-1,-1,-1,200
813,nat.succ_mul_succ_eq,-1,-1,-1,-1,-1,-1,200
814,int.fdiv._sunfold,-1,-1,-1,-1,-1,-1,-1000
815,string.to_nat.equations._eqn_1,-1,-1,-1,-1,-1,-1,200
816,nat.binary_rec._main._pack._proof_2,-1,-1,-1,-1,-1,-1,200
817,ordering.has_repr._match_1,-1,-1,-1,-1,-1,-1,200
818,nat.dvd_sub,-1,-1,-1,-1,-1,-1,200
819,char.decidable_eq._proof_1,-1,-1,-1,-1,-1,-1,200
820,nat.shiftl_add,-1,-1,-1,-1,-1,-1,-1000
821,std_gen.random_gen.equations._eqn_1,-1,-1,-1,-1,-1,-1,200
822,option.has_repr,-1,-1,-1,-1,-1,-1,200
823,list.repr_aux._main.equations._eqn_4,-1,-1,-1,-1,-1,-1,200
824,_private.323240743.split_core._main._pack,-1,-1,-1,-1,-1,-1,200
825,nat.le_of_add_le_add_left,-1,-1,-1,-1,-1,-1,-1000
826,list.to_string_aux._sunfold,-1,-1,-1,-1,-1,-1,200
827,list.is_lawful_singleton.equations._eqn_1,-1,-1,-1,-1,-1,-1,-1000
828,list.repr.equations._eqn_2,-1,-1,-1,-1,-1,-1,200
829,nat.repr,-1,-1,-1,-1,-1,-1,200
830,preorder.cases_on,-1,-1,-1,-1,-1,-1,200
831,option.has_repr._match_1,-1,-1,-1,-1,-1,-1,200
832,option.has_to_string._match_1.equations._eqn_1,-1,-1,-1,-1,-1,-1,200
833,int.quot._main.equations._eqn_2,-1,-1,-1,-1,-1,-1,-1000
834,int.div.equations._eqn_4,-1,-1,-1,-1,-1,-1,-1000
835,int.sub_nat_self,-1,-1,-1,-1,-1,-1,-1000
836,char.is_punctuation.equations._eqn_1,-1,-1,-1,-1,-1,-1,200
837,ordering.has_repr._match_1.equations._eqn_2,-1,-1,-1,-1,-1,-1,200
838,unsigned.has_to_string,-1,-1,-1,-1,-1,-1,200
839,std_gen.has_repr.equations._eqn_1,-1,-1,-1,-1,-1,-1,200
840,int.neg_of_nat_add,-1,-1,-1,-1,-1,-1,-1000
841,format.color.to_string._main.equations._eqn_7,-1,-1,-1,-1,-1,-1,200
842,congr_arg_kind.to_string._main,-1,-1,-1,-1,-1,-1,200
843,int.mul_assoc,-1,-1,-1,-1,-1,-1,200
844,binder_info.has_repr,-1,-1,-1,-1,-1,-1,200
845,fin.has_repr.equations._eqn_1,-1,-1,-1,-1,-1,-1,200
846,nat.repr.equations._eqn_1,-1,-1,-1,-1,-1,-1,200
847,name.to_string,-1,-1,-1,-1,-1,-1,200
848,expr.coord.repr._main,-1,-1,-1,-1,-1,-1,200
849,string.quote_aux._main.equations._eqn_1,-1,-1,-1,-1,-1,-1,200
850,is_lawful_functor.drec,-1,-1,-1,-1,-1,-1,200
851,pure_id_seq,-1,-1,-1,-1,-1,-1,200
852,expr.address.to_string,-1,-1,-1,-1,-1,-1,200
853,partial_order.cases_on,-1,-1,-1,-1,-1,-1,200
854,char.decidable_is_punctuation.equations._eqn_1,-1,-1,-1,-1,-1,-1,200
855,string.has_repr.equations._eqn_1,-1,-1,-1,-1,-1,-1,200
856,preorder.mk.inj,-1,-1,-1,-1,-1,-1,200
857,int.sub_nat_nat_of_le,-1,-1,-1,-1,-1,-1,-1000
858,nat.has_repr.equations._eqn_1,-1,-1,-1,-1,-1,-1,200
859,nat.sub.right_comm,-1,-1,-1,-1,-1,-1,-1000
860,string.quote.equations._eqn_1,-1,-1,-1,-1,-1,-1,200
861,lt_of_le_of_ne,-1,-1,-1,-1,-1,-1,200
862,nat.right_distrib,-1,-1,-1,-1,-1,-1,-1000
863,is_lawful_monad.map_pure._default.equations._eqn_1,-1,-1,-1,-1,-1,-1,200
864,vector.remove_nth._main._proof_1,-1,-1,-1,-1,-1,-1,200
865,le_of_eq_or_lt,-1,-1,-1,-1,-1,-1,200
866,congr_arg_kind.to_string._main.equations._eqn_4,-1,-1,-1,-1,-1,-1,200
867,is_lawful_applicative.drec,-1,-1,-1,-1,-1,-1,200
868,gt_irrefl,-1,-1,-1,-1,-1,-1,200
869,buffer.foldl._main,-1,-1,-1,-1,-1,-1,200
870,buffer.take_right,-1,-1,-1,-1,-1,-1,200
871,expr.coord.has_repr.equations._eqn_1,-1,-1,-1,-1,-1,-1,200
872,tactic.interactive.case_tag.to_string._main.equations._eqn_2,-1,-1,-1,-1,-1,-1,200
873,ne_of_lt,-1,-1,-1,-1,-1,-1,200
874,congr_arg_kind.to_string._main.equations._eqn_6,-1,-1,-1,-1,-1,-1,200
875,tactic.interactive.case_tag.has_to_string.equations._eqn_1,-1,-1,-1,-1,-1,-1,200
876,expr.coord.repr._main.equations._eqn_5,-1,-1,-1,-1,-1,-1,200
877,decidable_eq_of_decidable_le._sunfold,-1,-1,-1,-1,-1,-1,200
878,buffer.take.equations._eqn_1,-1,-1,-1,-1,-1,-1,200
879,binder_info.has_repr._match_1.equations._eqn_1,-1,-1,-1,-1,-1,-1,200
880,buffer.foldl._main.equations._eqn_1,-1,-1,-1,-1,-1,-1,200
881,buffer.iterate._main.equations._eqn_1,-1,-1,-1,-1,-1,-1,200
882,buffer.append.equations._eqn_1,-1,-1,-1,-1,-1,-1,200
883,lt_iff_le_not_le,-1,-1,-1,-1,-1,-1,200
884,gt_of_gt_of_ge,-1,-1,-1,-1,-1,-1,200
885,buffer.append.equations._eqn_2,-1,-1,-1,-1,-1,-1,200
886,decidable_lt_of_decidable_le._main.equations._eqn_1,-1,-1,-1,-1,-1,-1,200
887,eq.decidable.equations._eqn_1,-1,-1,-1,-1,-1,-1,200
888,buffer.append_array._main.equations._eqn_2,-1,-1,-1,-1,-1,-1,200
889,buffer.append_array.equations._eqn_2,-1,-1,-1,-1,-1,-1,200
890,d_array.beq_aux._main.equations._eqn_2,-1,-1,-1,-1,-1,-1,200
892,name.to_string_with_sep._main.equations._eqn_1,-1,-1,-1,-1,-1,-1,200
893,partial_order.to_preorder,-1,-1,-1,-1,-1,-1,200
894,vector.map₂.equations._eqn_1,-1,-1,-1,-1,-1,-1,200
895,int.land.equations._eqn_2,-1,-1,-1,-1,-1,-1,200
896,int.ldiff.equations._eqn_1,-1,-1,-1,-1,-1,-1,200
897,int.lor.equations._eqn_3,-1,-1,-1,-1,-1,-1,200
898,int.lor.equations._eqn_1,-1,-1,-1,-1,-1,-1,200
899,int.ldiff.equations._eqn_4,-1,-1,-1,-1,-1,-1,200
900,nat.bitwise.equations._eqn_1,-1,-1,-1,-1,-1,-1,200
901,max_eq_right_of_lt,-1,-1,-1,-1,-1,-1,200
902,min_assoc,-1,-1,-1,-1,-1,-1,200
903,nat.gcd_def,-1,-1,-1,-1,-1,-1,200
904,int.ldiff._sunfold,-1,-1,-1,-1,-1,-1,200
905,min_left_comm,-1,-1,-1,-1,-1,-1,200
906,fin.mul_def,-1,-1,-1,-1,-1,-1,200
907,nat.binary_rec.equations._eqn_1,-1,-1,-1,-1,-1,-1,200
908,max_left_comm,-1,-1,-1,-1,-1,-1,200
909,min_eq_left,-1,-1,-1,-1,-1,-1,200
910,int.neg_ne_of_pos,-1,-1,-1,-1,-1,-1,200
911,int.sub_le_sub,-1,-1,-1,-1,-1,-1,200
912,int.lt_of_add_lt_add_left,-1,-1,-1,-1,-1,-1,200
913,io_rand_nat.equations._eqn_1,-1,-1,-1,-1,-1,-1,200
914,int.to_nat_sub,-1,-1,-1,-1,-1,-1,200
915,int.le_of_neg_le_neg,-1,-1,-1,-1,-1,-1,200
916,int.lt_add_of_sub_left_lt,-1,-1,-1,-1,-1,-1,200
917,fin.add.equations._eqn_1,-1,-1,-1,-1,-1,-1,200
918,int.le_of_sub_one_lt,-1,-1,-1,-1,-1,-1,200
919,int.le_sub_one_of_lt,-1,-1,-1,-1,-1,-1,200
920,int.add_le_add_left,-1,-1,-1,-1,-1,-1,200
921,fin.of_nat.equations._eqn_1,-1,-1,-1,-1,-1,-1,200
922,nat.bits,-1,-1,-1,-1,-1,-1,200
923,d_array.of_beq_aux_eq_tt,-1,-1,-1,-1,-1,-1,200
924,int.neg_mul_eq_mul_neg,-1,-1,-1,-1,-1,-1,200
925,le_min,-1,-1,-1,-1,-1,-1,200
926,int.mul_neg_eq_neg_mul_symm,-1,-1,-1,-1,-1,-1,200
927,rand_bool,-1,-1,-1,-1,-1,-1,200
928,_private.4071477653.rand_nat_aux._match_1,-1,-1,-1,-1,-1,-1,200
929,nat.gcd._main.equations._eqn_1,-1,-1,-1,-1,-1,-1,200
930,le_max_left,-1,-1,-1,-1,-1,-1,200
931,int.neg_eq_of_add_eq_zero,-1,-1,-1,-1,-1,-1,200
932,lt_by_cases._proof_1,-1,-1,-1,-1,-1,-1,200
933,int.distrib_right,-1,-1,-1,-1,-1,-1,200
934,fin.sub._sunfold,-1,-1,-1,-1,-1,-1,200
935,fin.has_add,-1,-1,-1,-1,-1,-1,200
936,unsigned.has_mod,-1,-1,-1,-1,-1,-1,200
937,fin.mod._sunfold,-1,-1,-1,-1,-1,-1,200
938,fin.div._main,-1,-1,-1,-1,-1,-1,200
939,nat.decidable_dvd.equations._eqn_1,-1,-1,-1,-1,-1,-1,200
940,int.gcd,-1,-1,-1,-1,-1,-1,200
941,nat.gcd._main,-1,-1,-1,-1,-1,-1,200
942,lt_trichotomy,-1,-1,-1,-1,-1,-1,200
943,int.sub_nat_nat_add,-1,-1,-1,-1,-1,-1,200
944,nat.strong_rec_on.equations._eqn_1,-1,-1,-1,-1,-1,-1,200
945,int.add_assoc_aux2,-1,-1,-1,-1,-1,-1,200
946,nat.find_min,-1,-1,-1,-1,-1,-1,200
947,lt_of_not_ge,-1,-1,-1,-1,-1,-1,200
948,nat.mul_lt_mul,-1,-1,-1,-1,-1,-1,200
949,nat.zero_mod,-1,-1,-1,-1,-1,-1,200
950,nat.dvd_antisymm,-1,-1,-1,-1,-1,-1,200
0,monad.sequence\'._sunfold,-1,-1,-1,-1,-1,-1,200
1,list.mmap\'._main,-1,-1,-1,-1,-1,-1,200
2,list.mmap\'._main.equations._eqn_1,-1,-1,-1,-1,-1,-1,200
3,strict_weak_order.not_lt_of_equiv\',218235,51324,86344,0,17943,17943,0
4,_private.3275814439.name.components\'.equations._eqn_1,-1,-1,-1,-1,-1,-1,200
5,_private.3275814439.name.components\',-1,-1,-1,-1,-1,-1,200
6,_private.3275814439.name.components\'._main.equations._eqn_1,-1,-1,-1,-1,-1,-1,200
7,_private.3275814439.name.components\'.equations._eqn_3,-1,-1,-1,-1,-1,-1,200
8,array.read\',-1,-1,-1,-1,-1,-1,-1000
9,nat.shiftl\'._main,-1,-1,-1,-1,-1,-1,-1000
10,buffer.write\'._main.equations._eqn_1,-1,-1,-1,-1,-1,-1,-1000
11,buffer.read\'.equations._eqn_1,-1,-1,-1,-1,-1,-1,-1000
12,nat.shiftl\'._main.equations._eqn_2,-1,-1,-1,-1,-1,-1,-1000
